Entity,Code,Year,Number of articles per 1 million people - Field: All
Afghanistan,AFG,2010,0.14189593
Afghanistan,AFG,2012,0.06564591
Afghanistan,AFG,2013,0.03170455
Afghanistan,AFG,2014,0.09169765
Afghanistan,AFG,2015,0.059253115
Afghanistan,AFG,2016,0.11548607
Afghanistan,AFG,2017,0.19638969
Afghanistan,AFG,2018,0.13628885
Afghanistan,AFG,2019,0.26476392
Afghanistan,AFG,2020,0.3848894
Afghanistan,AFG,2021,0.52369785
Africa,,2010,1.6337613
Africa,,2011,1.8528165
Africa,,2012,2.2191265
Africa,,2013,2.5688906
Africa,,2014,2.9488182
Africa,,2015,3.265318
Africa,,2016,3.709079
Africa,,2017,3.88575
Africa,,2018,4.191419
Africa,,2019,4.6584272
Africa,,2020,5.5178394
Africa,,2021,5.7789583
Albania,ALB,2010,4.805379
Albania,ALB,2011,4.8264875
Albania,ALB,2012,3.4575863
Albania,ALB,2013,12.815988
Albania,ALB,2014,9.361672
Albania,ALB,2015,7.6323113
Albania,ALB,2016,7.983162
Albania,ALB,2017,12.155475
Albania,ALB,2018,12.860534
Albania,ALB,2019,6.9592257
Albania,ALB,2020,11.510892
Albania,ALB,2021,17.514914
Algeria,DZA,2010,6.3587065
Algeria,DZA,2011,8.455665
Algeria,DZA,2012,10.037421
Algeria,DZA,2013,12.026117
Algeria,DZA,2014,13.673831
Algeria,DZA,2015,16.336584
Algeria,DZA,2016,15.791041
Algeria,DZA,2017,16.749096
Algeria,DZA,2018,19.438543
Algeria,DZA,2019,18.545675
Algeria,DZA,2020,20.183346
Algeria,DZA,2021,18.900826
Andorra,AND,2015,13.934175
Andorra,AND,2016,13.781128
Andorra,AND,2019,13.09569
Angola,AGO,2010,0.21400265
Angola,AGO,2011,0.16488644
Angola,AGO,2012,0.27790684
Angola,AGO,2013,0.49718875
Angola,AGO,2014,0.11058546
Angola,AGO,2015,0.21331267
Angola,AGO,2016,0.17149869
Angola,AGO,2017,0.06620624
Angola,AGO,2018,0.2558073
Angola,AGO,2019,0.37090164
Angola,AGO,2020,0.26923144
Angola,AGO,2021,0.23185869
Antigua and Barbuda,ATG,2010,35.00175
Antigua and Barbuda,ATG,2012,11.404069
Antigua and Barbuda,ATG,2013,33.89371
Antigua and Barbuda,ATG,2014,33.612694
Antigua and Barbuda,ATG,2015,66.69779
Antigua and Barbuda,ATG,2016,55.20287
Antigua and Barbuda,ATG,2017,98.75676
Antigua and Barbuda,ATG,2018,130.94147
Antigua and Barbuda,ATG,2019,206.23705
Antigua and Barbuda,ATG,2020,194.23343
Antigua and Barbuda,ATG,2021,257.43063
Argentina,ARG,2010,5.936722
Argentina,ARG,2011,6.093341
Argentina,ARG,2012,5.2202063
Argentina,ARG,2013,7.40771
Argentina,ARG,2014,8.803461
Argentina,ARG,2015,8.6228695
Argentina,ARG,2016,8.793577
Argentina,ARG,2017,9.011541
Argentina,ARG,2018,9.771784
Argentina,ARG,2019,9.431112
Argentina,ARG,2020,11.013404
Argentina,ARG,2021,10.027213
Armenia,ARM,2010,2.0364552
Armenia,ARM,2011,3.7555685
Armenia,ARM,2012,4.117446
Armenia,ARM,2013,8.271909
Armenia,ARM,2014,4.844396
Armenia,ARM,2015,6.947827
Armenia,ARM,2016,6.280879
Armenia,ARM,2017,12.272395
Armenia,ARM,2018,7.755865
Armenia,ARM,2019,9.926951
Armenia,ARM,2020,12.831434
Armenia,ARM,2021,13.257035
Australia,AUS,2010,162.90353
Australia,AUS,2011,169.87944
Australia,AUS,2012,178.80028
Australia,AUS,2013,196.52309
Australia,AUS,2014,215.04434
Australia,AUS,2015,226.32014
Australia,AUS,2016,241.98509
Australia,AUS,2017,254.53088
Australia,AUS,2018,293.32373
Australia,AUS,2019,337.69543
Australia,AUS,2020,374.7168
Australia,AUS,2021,397.70697
Austria,AUT,2010,111.325966
Austria,AUT,2011,125.0119
Austria,AUT,2012,126.933044
Austria,AUT,2013,134.20537
Austria,AUT,2014,138.19225
Austria,AUT,2015,142.43692
Austria,AUT,2016,152.23503
Austria,AUT,2017,151.17937
Austria,AUT,2018,172.61432
Austria,AUT,2019,201.35274
Austria,AUT,2020,219.35881
Austria,AUT,2021,233.68974
Azerbaijan,AZE,2010,0.75780517
Azerbaijan,AZE,2011,1.9232787
Azerbaijan,AZE,2012,4.1115055
Azerbaijan,AZE,2013,3.5363333
Azerbaijan,AZE,2014,2.4635904
Azerbaijan,AZE,2015,5.0692024
Azerbaijan,AZE,2016,6.7159476
Azerbaijan,AZE,2017,5.560206
Azerbaijan,AZE,2018,7.387326
Azerbaijan,AZE,2019,6.1566963
Azerbaijan,AZE,2020,10.014631
Azerbaijan,AZE,2021,9.114717
Bahamas,BHS,2011,5.291621
Bahamas,BHS,2013,2.5929575
Bahamas,BHS,2014,2.569789
Bahamas,BHS,2015,2.5464277
Bahamas,BHS,2018,4.976226
Bahamas,BHS,2019,4.943606
Bahamas,BHS,2021,4.902922
Bahrain,BHR,2010,14.831233
Bahrain,BHR,2011,19.800575
Bahrain,BHR,2012,17.143585
Bahrain,BHR,2013,17.437027
Bahrain,BHR,2014,29.745062
Bahrain,BHR,2015,31.56758
Bahrain,BHR,2016,20.57222
Bahrain,BHR,2017,20.592459
Bahrain,BHR,2018,45.71902
Bahrain,BHR,2019,54.879047
Bahrain,BHR,2020,81.21948
Bahrain,BHR,2021,96.35979
Bangladesh,BGD,2010,1.2534442
Bangladesh,BGD,2011,1.3114884
Bangladesh,BGD,2012,1.768682
Bangladesh,BGD,2013,2.0450542
Bangladesh,BGD,2014,2.7955651
Bangladesh,BGD,2015,2.578724
Bangladesh,BGD,2016,2.9539773
Bangladesh,BGD,2017,3.7640464
Bangladesh,BGD,2018,4.8508115
Bangladesh,BGD,2019,7.7635894
Bangladesh,BGD,2020,8.93556
Bangladesh,BGD,2021,10.451342
Barbados,BRB,2010,3.6401095
Barbados,BRB,2011,10.889253
Barbados,BRB,2012,3.6204731
Barbados,BRB,2013,7.2235284
Barbados,BRB,2015,21.575361
Barbados,BRB,2016,3.5886025
Barbados,BRB,2018,7.1504674
Barbados,BRB,2019,7.137937
Barbados,BRB,2020,10.687414
Barbados,BRB,2021,10.668411
Belarus,BLR,2010,6.3711114
Belarus,BLR,2011,7.7263966
Belarus,BLR,2012,8.046418
Belarus,BLR,2013,10.3187
Belarus,BLR,2014,10.625413
Belarus,BLR,2015,10.205544
Belarus,BLR,2016,11.639751
Belarus,BLR,2017,15.657393
Belarus,BLR,2018,17.533775
Belarus,BLR,2019,17.572927
Belarus,BLR,2020,20.967962
Belarus,BLR,2021,14.92978
Belgium,BEL,2010,116.84189
Belgium,BEL,2011,118.75051
Belgium,BEL,2012,128.9078
Belgium,BEL,2013,130.68234
Belgium,BEL,2014,134.47586
Belgium,BEL,2015,133.53122
Belgium,BEL,2016,134.04805
Belgium,BEL,2017,136.0623
Belgium,BEL,2018,151.37225
Belgium,BEL,2019,165.93445
Belgium,BEL,2020,181.28796
Belgium,BEL,2021,188.86586
Belize,BLZ,2010,3.1044812
Belize,BLZ,2013,2.9011154
Belize,BLZ,2017,2.6687875
Belize,BLZ,2018,7.851841
Belize,BLZ,2019,5.140027
Belize,BLZ,2020,2.5320878
Benin,BEN,2010,2.9643068
Benin,BEN,2011,2.1590755
Benin,BEN,2012,2.9957798
Benin,BEN,2013,3.2011702
Benin,BEN,2014,3.1088536
Benin,BEN,2015,5.0307374
Benin,BEN,2016,5.2397447
Benin,BEN,2017,3.6216931
Benin,BEN,2018,6.6997814
Benin,BEN,2019,6.183666
Benin,BEN,2020,6.5648346
Benin,BEN,2021,7.309435
Bermuda,BMU,2010,31.512936
Bermuda,BMU,2011,31.469301
Bermuda,BMU,2012,15.727969
Bermuda,BMU,2013,31.482677
Bermuda,BMU,2014,31.558186
Bermuda,BMU,2015,15.8315525
Bermuda,BMU,2016,31.700745
Bermuda,BMU,2017,15.799036
Bermuda,BMU,2018,47.176487
Bermuda,BMU,2019,46.997635
Bermuda,BMU,2020,109.28791
Bermuda,BMU,2021,31.146341
Bhutan,BTN,2012,1.3866664
Bhutan,BTN,2013,5.487736
Bhutan,BTN,2014,2.7160554
Bhutan,BTN,2015,1.3453808
Bhutan,BTN,2016,1.333753
Bhutan,BTN,2017,3.9675717
Bhutan,BTN,2018,2.6243138
Bhutan,BTN,2019,5.2119503
Bhutan,BTN,2020,9.061348
Bhutan,BTN,2021,11.5755625
Bolivia,BOL,2010,2.7388477
Bolivia,BOL,2011,1.5390166
Bolivia,BOL,2012,0.9461009
Bolivia,BOL,2013,0.74464655
Bolivia,BOL,2014,2.1068077
Bolivia,BOL,2015,1.1722177
Bolivia,BOL,2016,2.4860127
Bolivia,BOL,2017,2.3610613
Bolivia,BOL,2018,2.4123569
Bolivia,BOL,2019,1.9529064
Bolivia,BOL,2020,2.4295902
Bolivia,BOL,2021,1.7384863
Bosnia and Herzegovina,BIH,2010,6.035014
Bosnia and Herzegovina,BIH,2011,10.151896
Bosnia and Herzegovina,BIH,2012,15.240683
Bosnia and Herzegovina,BIH,2013,22.114328
Bosnia and Herzegovina,BIH,2014,15.681575
Bosnia and Herzegovina,BIH,2015,13.619617
Bosnia and Herzegovina,BIH,2016,29.8766
Bosnia and Herzegovina,BIH,2017,33.42999
Bosnia and Herzegovina,BIH,2018,38.82202
Bosnia and Herzegovina,BIH,2019,43.443096
Bosnia and Herzegovina,BIH,2020,38.27134
Bosnia and Herzegovina,BIH,2021,32.406506
Botswana,BWA,2010,1.9123513
Botswana,BWA,2011,2.3429706
Botswana,BWA,2012,4.137115
Botswana,BWA,2013,2.706012
Botswana,BWA,2014,7.520849
Botswana,BWA,2015,6.940899
Botswana,BWA,2016,11.477547
Botswana,BWA,2017,8.326921
Botswana,BWA,2018,4.4872117
Botswana,BWA,2019,7.2008495
Botswana,BWA,2020,8.246923
Botswana,BWA,2021,15.453419
Brazil,BRA,2010,8.515254
Brazil,BRA,2011,9.1984625
Brazil,BRA,2012,10.31615
Brazil,BRA,2013,11.302696
Brazil,BRA,2014,12.852672
Brazil,BRA,2015,14.240584
Brazil,BRA,2016,15.198715
Brazil,BRA,2017,16.177073
Brazil,BRA,2018,19.403654
Brazil,BRA,2019,22.074495
Brazil,BRA,2020,23.907543
Brazil,BRA,2021,22.7457
Brunei,BRN,2010,10.099378
Brunei,BRN,2011,12.452835
Brunei,BRN,2012,41.806328
Brunei,BRN,2013,31.576084
Brunei,BRN,2014,62.3995
Brunei,BRN,2015,52.20086
Brunei,BRN,2016,79.81202
Brunei,BRN,2017,60.424366
Brunei,BRN,2018,46.05292
Brunei,BRN,2019,91.31211
Brunei,BRN,2020,79.23284
Brunei,BRN,2021,141.45161
Bulgaria,BGR,2010,23.049757
Bulgaria,BGR,2011,21.741644
Bulgaria,BGR,2012,26.975246
Bulgaria,BGR,2013,26.106256
Bulgaria,BGR,2014,26.72222
Bulgaria,BGR,2015,33.10871
Bulgaria,BGR,2016,34.63989
Bulgaria,BGR,2017,46.22391
Bulgaria,BGR,2018,51.142097
Bulgaria,BGR,2019,62.530697
Bulgaria,BGR,2020,61.181965
Bulgaria,BGR,2021,56.63777
Burkina Faso,BFA,2011,0.120462686
Burkina Faso,BFA,2012,0.11686519
Burkina Faso,BFA,2013,0.11340174
Burkina Faso,BFA,2014,0.16510874
Burkina Faso,BFA,2015,0.106848896
Burkina Faso,BFA,2017,0.15124124
Burkina Faso,BFA,2018,0.24518542
Burkina Faso,BFA,2019,0.38183174
Burkina Faso,BFA,2020,0.7434035
Burkina Faso,BFA,2021,0.45247456
Burundi,BDI,2010,1.9722543
Burundi,BDI,2011,2.6438975
Burundi,BDI,2012,2.45011
Burundi,BDI,2013,3.4484174
Burundi,BDI,2014,3.1443784
Burundi,BDI,2015,3.6356337
Burundi,BDI,2016,4.402325
Burundi,BDI,2017,2.2410285
Burundi,BDI,2018,4.0892763
Burundi,BDI,2019,4.8000655
Burundi,BDI,2020,5.3190494
Burundi,BDI,2021,4.7007403
Cambodia,KHM,2010,1.113932
Cambodia,KHM,2011,1.715396
Cambodia,KHM,2012,2.4346285
Cambodia,KHM,2013,2.1333773
Cambodia,KHM,2014,2.958421
Cambodia,KHM,2015,3.437646
Cambodia,KHM,2016,3.584095
Cambodia,KHM,2017,4.4217896
Cambodia,KHM,2018,6.3649583
Cambodia,KHM,2019,8.514447
Cambodia,KHM,2020,10.0629
Cambodia,KHM,2021,12.478125
Cameroon,CMR,2010,0.85521495
Cameroon,CMR,2011,0.5868292
Cameroon,CMR,2012,0.80826586
Cameroon,CMR,2013,0.5547119
Cameroon,CMR,2014,0.8520336
Cameroon,CMR,2015,1.5209026
Cameroon,CMR,2016,1.3073756
Cameroon,CMR,2017,1.5988075
Cameroon,CMR,2018,1.5153477
Cameroon,CMR,2019,1.978098
Cameroon,CMR,2020,2.2649124
Cameroon,CMR,2021,2.647192
Canada,CAN,2010,129.02118
Canada,CAN,2011,128.25018
Canada,CAN,2012,131.1258
Canada,CAN,2013,134.55513
Canada,CAN,2014,146.11089
Canada,CAN,2015,145.72324
Canada,CAN,2016,149.22385
Canada,CAN,2017,162.00537
Canada,CAN,2018,181.82672
Canada,CAN,2019,229.43517
Canada,CAN,2020,264.93384
Canada,CAN,2021,275.14078
Cape Verde,CPV,2012,1.8730906
Cape Verde,CPV,2015,1.8110397
Cape Verde,CPV,2017,1.7700399
Cape Verde,CPV,2018,1.7506727
Cape Verde,CPV,2020,1.716308
Chad,TCD,2011,0.0811838
Chad,TCD,2014,0.07300801
Chad,TCD,2015,0.14143994
Chad,TCD,2017,0.19886129
Chad,TCD,2018,0.12817052
Chad,TCD,2019,0.12401664
Chad,TCD,2020,0.120158315
Chad,TCD,2021,0.3492485
Chile,CHL,2010,16.05489
Chile,CHL,2011,19.099117
Chile,CHL,2012,16.376644
Chile,CHL,2013,18.161127
Chile,CHL,2014,23.01111
Chile,CHL,2015,28.147541
Chile,CHL,2016,28.091316
Chile,CHL,2017,28.635853
Chile,CHL,2018,31.280994
Chile,CHL,2019,34.664806
Chile,CHL,2020,35.854332
Chile,CHL,2021,39.398388
China,CHN,2010,52.92572
China,CHN,2011,51.68686
China,CHN,2012,50.220234
China,CHN,2013,49.916416
China,CHN,2014,51.597267
China,CHN,2015,51.259388
China,CHN,2016,54.35378
China,CHN,2017,62.738075
China,CHN,2018,76.439445
China,CHN,2019,104.007835
China,CHN,2020,117.96932
China,CHN,2021,124.18739
Colombia,COL,2010,6.470888
Colombia,COL,2011,7.6364694
Colombia,COL,2012,9.239354
Colombia,COL,2013,10.727124
Colombia,COL,2014,11.9756775
Colombia,COL,2015,14.091763
Colombia,COL,2016,13.144092
Colombia,COL,2017,15.842266
Colombia,COL,2018,16.214472
Colombia,COL,2019,19.028679
Colombia,COL,2020,21.205303
Colombia,COL,2021,18.149504
Congo,COG,2010,0.675998
Congo,COG,2011,0.8725579
Congo,COG,2012,1.2730043
Congo,COG,2013,2.0712197
Congo,COG,2014,0.60669
Congo,COG,2015,1.3822
Congo,COG,2016,1.7351638
Congo,COG,2017,1.8824072
Congo,COG,2018,2.2054522
Congo,COG,2019,2.5131328
Congo,COG,2020,2.9813144
Congo,COG,2021,2.5703356
Costa Rica,CRI,2010,3.2451727
Costa Rica,CRI,2011,5.555642
Costa Rica,CRI,2012,4.222444
Costa Rica,CRI,2013,7.5132403
Costa Rica,CRI,2014,7.6378536
Costa Rica,CRI,2015,8.375482
Costa Rica,CRI,2016,10.717453
Costa Rica,CRI,2017,9.611824
Costa Rica,CRI,2018,14.085239
Costa Rica,CRI,2019,17.700762
Costa Rica,CRI,2020,18.543434
Costa Rica,CRI,2021,18.04438
Cote d'Ivoire,CIV,2010,0.047348395
Cote d'Ivoire,CIV,2012,0.09086487
Cote d'Ivoire,CIV,2013,0.1780209
Cote d'Ivoire,CIV,2014,0.13046
Cote d'Ivoire,CIV,2015,0.29665118
Cote d'Ivoire,CIV,2016,0.53688794
Cote d'Ivoire,CIV,2017,0.5231804
Cote d'Ivoire,CIV,2018,0.5099241
Cote d'Ivoire,CIV,2019,0.45893413
Cote d'Ivoire,CIV,2020,0.70864344
Cote d'Ivoire,CIV,2021,0.65506357
Croatia,HRV,2010,41.889084
Croatia,HRV,2011,47.56611
Croatia,HRV,2012,48.48102
Croatia,HRV,2013,49.433098
Croatia,HRV,2014,55.55597
Croatia,HRV,2015,76.38394
Croatia,HRV,2016,81.68101
Croatia,HRV,2017,83.72157
Croatia,HRV,2018,87.009026
Croatia,HRV,2019,100.00608
Croatia,HRV,2020,110.81625
Croatia,HRV,2021,115.02069
Cuba,CUB,2010,8.148501
Cuba,CUB,2011,8.054014
Cuba,CUB,2012,9.284401
Cuba,CUB,2013,12.7190695
Cuba,CUB,2014,11.648398
Cuba,CUB,2015,10.934853
Cuba,CUB,2016,11.373644
Cuba,CUB,2017,10.673577
Cuba,CUB,2018,14.830191
Cuba,CUB,2019,13.254748
Cuba,CUB,2020,8.318072
Cuba,CUB,2021,13.414623
Cyprus,CYP,2010,133.66463
Cyprus,CYP,2011,115.27478
Cyprus,CYP,2012,111.53805
Cyprus,CYP,2013,169.66988
Cyprus,CYP,2014,143.58575
Cyprus,CYP,2015,139.81467
Cyprus,CYP,2016,190.33482
Cyprus,CYP,2017,215.9654
Cyprus,CYP,2018,223.16411
Cyprus,CYP,2019,244.94646
Cyprus,CYP,2020,311.10104
Cyprus,CYP,2021,325.5122
Czechia,CZE,2010,79.88724
Czechia,CZE,2011,92.31755
Czechia,CZE,2012,84.86295
Czechia,CZE,2013,97.6742
Czechia,CZE,2014,105.44654
Czechia,CZE,2015,113.93222
Czechia,CZE,2016,117.12089
Czechia,CZE,2017,114.135796
Czechia,CZE,2018,120.934845
Czechia,CZE,2019,135.42914
Czechia,CZE,2020,132.94147
Czechia,CZE,2021,129.0108
Denmark,DNK,2010,88.63507
Denmark,DNK,2011,102.40286
Denmark,DNK,2012,107.66021
Denmark,DNK,2013,133.85732
Denmark,DNK,2014,139.09894
Denmark,DNK,2015,144.24614
Denmark,DNK,2016,160.33347
Denmark,DNK,2017,161.22606
Denmark,DNK,2018,194.3923
Denmark,DNK,2019,231.02621
Denmark,DNK,2020,258.3408
Denmark,DNK,2021,297.04935
Djibouti,DJI,2012,1.0478765
Djibouti,DJI,2017,0.9613148
Djibouti,DJI,2018,0.94589126
Djibouti,DJI,2020,0.91729486
Djibouti,DJI,2021,0.90451735
Dominica,DMA,2016,14.265742
Dominica,DMA,2017,14.200108
Dominican Republic,DOM,2010,0.10229388
Dominican Republic,DOM,2011,0.10097192
Dominican Republic,DOM,2012,0.1993842
Dominican Republic,DOM,2013,0.098453745
Dominican Republic,DOM,2014,0.48628122
Dominican Republic,DOM,2015,0.09609996
Dominican Republic,DOM,2016,0.37995404
Dominican Republic,DOM,2017,0.281763
Dominican Republic,DOM,2018,0.46444523
Dominican Republic,DOM,2019,0.91895837
Dominican Republic,DOM,2020,0.90911835
Dominican Republic,DOM,2021,1.2592337
East Timor,TLS,2017,0.8043512
East Timor,TLS,2018,2.3774617
East Timor,TLS,2019,2.342941
East Timor,TLS,2020,0.769232
East Timor,TLS,2021,1.5140687
Ecuador,ECU,2010,2.2682421
Ecuador,ECU,2011,1.3781576
Ecuador,ECU,2012,3.1645806
Ecuador,ECU,2013,2.2896411
Ecuador,ECU,2014,6.7677674
Ecuador,ECU,2015,12.966241
Ecuador,ECU,2016,16.36294
Ecuador,ECU,2017,28.568096
Ecuador,ECU,2018,32.205605
Ecuador,ECU,2019,33.037853
Ecuador,ECU,2020,33.373898
Ecuador,ECU,2021,26.969723
Egypt,EGY,2010,5.180372
Egypt,EGY,2011,5.067261
Egypt,EGY,2012,6.247234
Egypt,EGY,2013,6.7467785
Egypt,EGY,2014,7.395991
Egypt,EGY,2015,8.513792
Egypt,EGY,2016,8.889197
Egypt,EGY,2017,9.961746
Egypt,EGY,2018,11.297391
Egypt,EGY,2019,13.472997
Egypt,EGY,2020,17.159054
Egypt,EGY,2021,20.217424
El Salvador,SLV,2010,0.163558
El Salvador,SLV,2011,0.97762
El Salvador,SLV,2012,0.1623036
El Salvador,SLV,2013,0.16166474
El Salvador,SLV,2014,0.48312852
El Salvador,SLV,2015,0.4814581
El Salvador,SLV,2016,0.9599212
El Salvador,SLV,2017,1.2765969
El Salvador,SLV,2018,2.071271
El Salvador,SLV,2019,1.7515304
El Salvador,SLV,2020,1.7480478
El Salvador,SLV,2021,2.217237
Equatorial Guinea,GNQ,2020,0.62654406
Equatorial Guinea,GNQ,2021,0.611818
Eritrea,ERI,2011,0.3117621
Eritrea,ERI,2012,0.30744636
Eritrea,ERI,2013,0.606728
Eritrea,ERI,2014,0.30089405
Eritrea,ERI,2016,0.2971514
Eritrea,ERI,2019,0.28581074
Estonia,EST,2010,77.35433
Estonia,EST,2011,67.0466
Estonia,EST,2012,75.603966
Estonia,EST,2013,73.5972
Estonia,EST,2014,73.02985
Estonia,EST,2015,83.67195
Estonia,EST,2016,97.26976
Estonia,EST,2017,130.54533
Estonia,EST,2018,137.655
Estonia,EST,2019,168.04329
Estonia,EST,2020,203.09166
Estonia,EST,2021,216.75256
Eswatini,SWZ,2011,1.8093342
Eswatini,SWZ,2012,0.8997232
Eswatini,SWZ,2013,0.89419127
Eswatini,SWZ,2015,2.6456404
Eswatini,SWZ,2016,3.5010052
Eswatini,SWZ,2017,0.8685102
Eswatini,SWZ,2018,0.86174953
Eswatini,SWZ,2020,3.387927
Eswatini,SWZ,2021,2.5162022
Ethiopia,ETH,2010,0.19050223
Ethiopia,ETH,2011,0.26138684
Ethiopia,ETH,2012,0.3070366
Ethiopia,ETH,2013,0.3399105
Ethiopia,ETH,2014,0.42106628
Ethiopia,ETH,2015,0.6538378
Ethiopia,ETH,2016,0.39888602
Ethiopia,ETH,2017,0.8040818
Ethiopia,ETH,2018,0.872856
Ethiopia,ETH,2019,1.1741965
Ethiopia,ETH,2020,1.6895506
Ethiopia,ETH,2021,2.7435293
Europe,,2010,54.743233
Europe,,2011,57.31288
Europe,,2012,59.23543
Europe,,2013,63.143864
Europe,,2014,67.58639
Europe,,2015,71.337814
Europe,,2016,73.7217
Europe,,2017,78.05995
Europe,,2018,86.80811
Europe,,2019,102.16904
Europe,,2020,111.47179
Europe,,2021,115.69929
European Union (27),,2010,72.37916
European Union (27),,2011,74.63597
European Union (27),,2012,77.31688
European Union (27),,2013,81.855896
European Union (27),,2014,87.221146
European Union (27),,2015,91.302574
European Union (27),,2016,92.215385
European Union (27),,2017,95.72349
European Union (27),,2018,104.85362
European Union (27),,2019,121.56115
European Union (27),,2020,130.672
European Union (27),,2021,135.96638
Fiji,FJI,2010,4.41903
Fiji,FJI,2011,13.210636
Fiji,FJI,2012,17.561827
Fiji,FJI,2013,25.178797
Fiji,FJI,2014,37.135094
Fiji,FJI,2015,46.881355
Fiji,FJI,2016,40.288727
Fiji,FJI,2017,29.379057
Fiji,FJI,2018,30.467834
Fiji,FJI,2019,40.284298
Fiji,FJI,2020,49.976643
Fiji,FJI,2021,60.56575
Finland,FIN,2010,173.21494
Finland,FIN,2011,176.68326
Finland,FIN,2012,181.01671
Finland,FIN,2013,197.8351
Finland,FIN,2014,197.5671
Finland,FIN,2015,202.20982
Finland,FIN,2016,215.27812
Finland,FIN,2017,212.41267
Finland,FIN,2018,247.48593
Finland,FIN,2019,305.34964
Finland,FIN,2020,327.15625
Finland,FIN,2021,328.03574
France,FRA,2010,96.341446
France,FRA,2011,98.1756
France,FRA,2012,106.65688
France,FRA,2013,110.081
France,FRA,2014,119.282585
France,FRA,2015,122.003265
France,FRA,2016,121.395256
France,FRA,2017,123.6435
France,FRA,2018,132.8141
France,FRA,2019,149.67447
France,FRA,2020,151.101
France,FRA,2021,149.5085
Gabon,GAB,2010,2.9220679
Gabon,GAB,2011,1.1283447
Gabon,GAB,2012,1.088903
Gabon,GAB,2013,1.5770963
Gabon,GAB,2014,9.151652
Gabon,GAB,2015,4.436723
Gabon,GAB,2016,4.314043
Gabon,GAB,2017,1.4017218
Gabon,GAB,2019,6.688104
Gabon,GAB,2020,2.6171353
Gabon,GAB,2021,2.5628047
Gambia,GMB,2012,0.48519665
Gambia,GMB,2014,0.9136496
Gambia,GMB,2015,0.44382566
Gambia,GMB,2016,0.8631062
Gambia,GMB,2019,0.39858392
Gambia,GMB,2020,0.7769993
Gambia,GMB,2021,1.8939954
Georgia,GEO,2010,4.691368
Georgia,GEO,2011,6.0183163
Georgia,GEO,2012,11.565683
Georgia,GEO,2013,7.6597486
Georgia,GEO,2014,8.213592
Georgia,GEO,2015,15.379985
Georgia,GEO,2016,13.523863
Georgia,GEO,2017,13.255905
Georgia,GEO,2018,19.086382
Georgia,GEO,2019,17.768047
Georgia,GEO,2020,27.085073
Georgia,GEO,2021,25.279512
Germany,DEU,2010,86.84897
Germany,DEU,2011,89.44605
Germany,DEU,2012,95.0021
Germany,DEU,2013,95.567375
Germany,DEU,2014,101.99267
Germany,DEU,2015,105.10126
Germany,DEU,2016,108.93774
Germany,DEU,2017,113.74368
Germany,DEU,2018,129.92075
Germany,DEU,2019,157.97105
Germany,DEU,2020,174.81311
Germany,DEU,2021,185.17284
Ghana,GHA,2010,1.5640444
Ghana,GHA,2011,1.8316458
Ghana,GHA,2012,2.4945307
Ghana,GHA,2013,2.434099
Ghana,GHA,2014,2.4825902
Ghana,GHA,2015,2.8402257
Ghana,GHA,2016,2.571538
Ghana,GHA,2017,3.1102896
Ghana,GHA,2018,3.530862
Ghana,GHA,2019,5.012326
Ghana,GHA,2020,6.1217384
Ghana,GHA,2021,7.979768
Greece,GRC,2010,91.89957
Greece,GRC,2011,83.509544
Greece,GRC,2012,92.85243
Greece,GRC,2013,98.30958
Greece,GRC,2014,112.49223
Greece,GRC,2015,107.89658
Greece,GRC,2016,112.09571
Greece,GRC,2017,109.98641
Greece,GRC,2018,119.62448
Greece,GRC,2019,134.19676
Greece,GRC,2020,159.90895
Greece,GRC,2021,181.70734
Grenada,GRD,2011,8.700722
Grenada,GRD,2012,17.25179
Grenada,GRD,2013,17.10074
Grenada,GRD,2014,16.951164
Grenada,GRD,2015,67.23028
Grenada,GRD,2016,16.670418
Grenada,GRD,2017,16.537947
Grenada,GRD,2018,32.82644
Grenada,GRD,2019,105.917534
Grenada,GRD,2020,48.515427
Grenada,GRD,2021,80.24136
Guatemala,GTM,2010,0.13752201
Guatemala,GTM,2011,0.06741516
Guatemala,GTM,2012,0.1322025
Guatemala,GTM,2013,0.38903788
Guatemala,GTM,2014,0.25455424
Guatemala,GTM,2015,0.31247842
Guatemala,GTM,2016,0.24553429
Guatemala,GTM,2017,0.78413785
Guatemala,GTM,2018,1.0682381
Guatemala,GTM,2019,1.7537359
Guatemala,GTM,2020,1.6702456
Guatemala,GTM,2021,1.5901426
Guinea,GIN,2010,0.09736408
Guinea,GIN,2014,0.08823507
Guinea,GIN,2015,0.086014085
Guinea,GIN,2019,0.0776546
Guinea,GIN,2021,0.1477988
Guinea-Bissau,GNB,2018,0.5194929
Guinea-Bissau,GNB,2021,0.48526493
Guyana,GUY,2010,1.337011
Guyana,GUY,2011,2.6873233
Guyana,GUY,2013,2.6758573
Guyana,GUY,2019,5.0077558
Guyana,GUY,2020,1.2543794
Guyana,GUY,2021,2.4857967
Haiti,HTI,2012,0.19785249
Haiti,HTI,2015,0.28398973
Haiti,HTI,2016,0.09333717
Haiti,HTI,2019,0.089602195
Haiti,HTI,2020,0.088442326
Haiti,HTI,2021,0.17470948
Honduras,HND,2011,0.23195103
Honduras,HND,2012,0.22746995
Honduras,HND,2013,0.223198
Honduras,HND,2014,0.21910962
Honduras,HND,2015,0.75313276
Honduras,HND,2016,0.5284966
Honduras,HND,2017,0.62325716
Honduras,HND,2018,0.8169222
Honduras,HND,2019,2.108681
Honduras,HND,2020,6.2242126
Honduras,HND,2021,2.0431304
Hungary,HUN,2010,35.04615
Hungary,HUN,2011,40.4893
Hungary,HUN,2012,45.15158
Hungary,HUN,2013,40.8302
Hungary,HUN,2014,46.41309
Hungary,HUN,2015,46.219875
Hungary,HUN,2016,47.375954
Hungary,HUN,2017,49.443554
Hungary,HUN,2018,61.78168
Hungary,HUN,2019,78.38884
Hungary,HUN,2020,81.53368
Hungary,HUN,2021,84.656876
Iceland,ISL,2010,185.33295
Iceland,ISL,2011,216.0923
Iceland,ISL,2012,193.15364
Iceland,ISL,2013,212.9393
Iceland,ISL,2014,305.20374
Iceland,ISL,2015,241.6422
Iceland,ISL,2016,274.073
Iceland,ISL,2017,273.5413
Iceland,ISL,2018,252.15965
Iceland,ISL,2019,291.03046
Iceland,ISL,2020,207.26405
Iceland,ISL,2021,210.61841
India,IND,2010,2.9525712
India,IND,2011,3.6903002
India,IND,2012,4.303692
India,IND,2013,5.0413127
India,IND,2014,6.2612524
India,IND,2015,7.8360133
India,IND,2016,9.19742
India,IND,2017,9.999293
India,IND,2018,11.804939
India,IND,2019,13.037266
India,IND,2020,16.412355
India,IND,2021,19.851318
Indonesia,IDN,2010,1.475312
Indonesia,IDN,2011,4.354518
Indonesia,IDN,2012,2.4538143
Indonesia,IDN,2013,3.2731102
Indonesia,IDN,2014,4.14862
Indonesia,IDN,2015,6.642429
Indonesia,IDN,2016,9.390866
Indonesia,IDN,2017,13.308187
Indonesia,IDN,2018,17.138031
Indonesia,IDN,2019,20.464949
Indonesia,IDN,2020,21.868036
Indonesia,IDN,2021,19.944973
Iran,IRN,2010,23.164528
Iran,IRN,2011,28.856619
Iran,IRN,2012,27.76612
Iran,IRN,2013,28.894098
Iran,IRN,2014,30.989847
Iran,IRN,2015,33.940228
Iran,IRN,2016,31.198147
Iran,IRN,2017,36.814354
Iran,IRN,2018,32.446613
Iran,IRN,2019,39.566006
Iran,IRN,2020,44.70147
Iran,IRN,2021,47.882572
Iraq,IRQ,2010,0.92755836
Iraq,IRQ,2011,1.0192086
Iraq,IRQ,2012,1.4469451
Iraq,IRQ,2013,2.085576
Iraq,IRQ,2014,3.4561129
Iraq,IRQ,2015,4.555349
Iraq,IRQ,2016,6.331086
Iraq,IRQ,2017,9.388924
Iraq,IRQ,2018,13.8701725
Iraq,IRQ,2019,18.54992
Iraq,IRQ,2020,25.941685
Iraq,IRQ,2021,31.42401
Ireland,IRL,2010,149.84813
Ireland,IRL,2011,147.65088
Ireland,IRL,2012,154.67023
Ireland,IRL,2013,145.35295
Ireland,IRL,2014,159.01639
Ireland,IRL,2015,160.31673
Ireland,IRL,2016,161.79683
Ireland,IRL,2017,159.4766
Ireland,IRL,2018,213.87915
Ireland,IRL,2019,265.72598
Ireland,IRL,2020,294.77634
Ireland,IRL,2021,304.4204
Israel,ISR,2010,120.2166
Israel,ISR,2011,110.995674
Israel,ISR,2012,131.32074
Israel,ISR,2013,128.25697
Israel,ISR,2014,142.67822
Israel,ISR,2015,142.73624
Israel,ISR,2016,162.88731
Israel,ISR,2017,163.6729
Israel,ISR,2018,214.15512
Israel,ISR,2019,271.95877
Israel,ISR,2020,307.16574
Israel,ISR,2021,310.5598
Italy,ITA,2010,62.61863
Italy,ITA,2011,67.20426
Italy,ITA,2012,71.25751
Italy,ITA,2013,78.49106
Italy,ITA,2014,86.74996
Italy,ITA,2015,93.072044
Italy,ITA,2016,94.87908
Italy,ITA,2017,101.32654
Italy,ITA,2018,111.16041
Italy,ITA,2019,133.60582
Italy,ITA,2020,151.22543
Italy,ITA,2021,158.69255
Jamaica,JAM,2010,4.02355
Jamaica,JAM,2011,5.462155
Jamaica,JAM,2012,5.435139
Jamaica,JAM,2013,5.409043
Jamaica,JAM,2014,6.8233843
Jamaica,JAM,2015,7.8727336
Jamaica,JAM,2016,6.422381
Jamaica,JAM,2017,4.985066
Jamaica,JAM,2018,4.623304
Jamaica,JAM,2019,5.686309
Jamaica,JAM,2020,6.736542
Jamaica,JAM,2021,7.426528
Japan,JPN,2010,58.93583
Japan,JPN,2011,59.379448
Japan,JPN,2012,62.548058
Japan,JPN,2013,62.665005
Japan,JPN,2014,60.50516
Japan,JPN,2015,64.58891
Japan,JPN,2016,65.08976
Japan,JPN,2017,72.24713
Japan,JPN,2018,80.75664
Japan,JPN,2019,91.66743
Japan,JPN,2020,94.78241
Japan,JPN,2021,91.76445
Jordan,JOR,2010,22.362448
Jordan,JOR,2011,20.815811
Jordan,JOR,2012,21.353697
Jordan,JOR,2013,22.612621
Jordan,JOR,2014,25.409937
Jordan,JOR,2015,26.647707
Jordan,JOR,2016,29.70498
Jordan,JOR,2017,30.444279
Jordan,JOR,2018,37.763397
Jordan,JOR,2019,45.426155
Jordan,JOR,2020,52.52215
Jordan,JOR,2021,61.62381
Kazakhstan,KAZ,2010,0.8419615
Kazakhstan,KAZ,2011,0.35576805
Kazakhstan,KAZ,2012,1.5202129
Kazakhstan,KAZ,2013,2.651949
Kazakhstan,KAZ,2014,5.9685216
Kazakhstan,KAZ,2015,6.7280006
Kazakhstan,KAZ,2016,6.9695826
Kazakhstan,KAZ,2017,8.845295
Kazakhstan,KAZ,2018,9.817619
Kazakhstan,KAZ,2019,14.769978
Kazakhstan,KAZ,2020,15.279845
Kazakhstan,KAZ,2021,15.940433
Kenya,KEN,2010,0.40946198
Kenya,KEN,2011,0.49255136
Kenya,KEN,2012,0.52600515
Kenya,KEN,2013,0.6251065
Kenya,KEN,2014,0.98184973
Kenya,KEN,2015,1.1098899
Kenya,KEN,2016,0.9813201
Kenya,KEN,2017,1.144068
Kenya,KEN,2018,1.1610844
Kenya,KEN,2019,1.7075077
Kenya,KEN,2020,2.0774913
Kenya,KEN,2021,2.301643
Kosovo,OWID_KOS,2010,1.673585
Kosovo,OWID_KOS,2011,1.667278
Kosovo,OWID_KOS,2012,2.2082148
Kosovo,OWID_KOS,2013,3.8766644
Kosovo,OWID_KOS,2014,3.3749352
Kosovo,OWID_KOS,2015,6.2531195
Kosovo,OWID_KOS,2016,13.137422
Kosovo,OWID_KOS,2017,25.408998
Kosovo,OWID_KOS,2018,8.772104
Kosovo,OWID_KOS,2019,14.820471
Kosovo,OWID_KOS,2020,11.971016
Kosovo,OWID_KOS,2021,12.635212
Kuwait,KWT,2010,13.92964
Kuwait,KWT,2011,13.677597
Kuwait,KWT,2012,9.426548
Kuwait,KWT,2013,8.77549
Kuwait,KWT,2014,11.963026
Kuwait,KWT,2015,16.885216
Kuwait,KWT,2016,15.315865
Kuwait,KWT,2017,15.030653
Kuwait,KWT,2018,17.835676
Kuwait,KWT,2019,21.165903
Kuwait,KWT,2020,35.546783
Kuwait,KWT,2021,31.763876
Kyrgyzstan,KGZ,2010,0.36471185
Kyrgyzstan,KGZ,2011,0.18010427
Kyrgyzstan,KGZ,2012,0.88779116
Kyrgyzstan,KGZ,2014,0.34397206
Kyrgyzstan,KGZ,2015,0.8453107
Kyrgyzstan,KGZ,2016,0.1661598
Kyrgyzstan,KGZ,2017,1.1435543
Kyrgyzstan,KGZ,2018,0.48204362
Kyrgyzstan,KGZ,2019,2.2139137
Kyrgyzstan,KGZ,2020,3.7354784
Kyrgyzstan,KGZ,2021,3.5234237
Laos,LAO,2010,0.3162843
Laos,LAO,2011,0.3117046
Laos,LAO,2013,0.30299652
Laos,LAO,2014,0.29888812
Laos,LAO,2015,0.44199416
Laos,LAO,2016,0.7255456
Laos,LAO,2017,0.4286985
Laos,LAO,2018,0.56298316
Laos,LAO,2019,0.41597003
Laos,LAO,2020,0.6831164
Laos,LAO,2021,0.80807483
Latvia,LVA,2010,44.729168
Latvia,LVA,2011,45.73962
Latvia,LVA,2012,45.772495
Latvia,LVA,2013,45.779182
Latvia,LVA,2014,53.703556
Latvia,LVA,2015,58.234364
Latvia,LVA,2016,62.32654
Latvia,LVA,2017,57.804623
Latvia,LVA,2018,65.09502
Latvia,LVA,2019,83.48325
Latvia,LVA,2020,104.89932
Latvia,LVA,2021,99.25685
Lebanon,LBN,2010,17.014296
Lebanon,LBN,2011,19.424938
Lebanon,LBN,2012,23.173458
Lebanon,LBN,2013,22.187555
Lebanon,LBN,2014,20.400536
Lebanon,LBN,2015,30.161242
Lebanon,LBN,2016,24.606031
Lebanon,LBN,2017,31.591413
Lebanon,LBN,2018,40.834557
Lebanon,LBN,2019,46.870308
Lebanon,LBN,2020,49.797596
Lebanon,LBN,2021,50.42354
Lesotho,LSO,2010,0.49437597
Lesotho,LSO,2011,0.49075252
Lesotho,LSO,2013,0.48217216
Lesotho,LSO,2015,0.47202498
Lesotho,LSO,2016,0.46644488
Lesotho,LSO,2017,0.9213949
Lesotho,LSO,2018,0.9099057
Lesotho,LSO,2019,1.3478845
Lesotho,LSO,2020,1.3309058
Lesotho,LSO,2021,1.3149451
Liberia,LBR,2012,0.23085363
Liberia,LBR,2014,0.22126782
Liberia,LBR,2015,0.21681015
Liberia,LBR,2017,0.20847961
Liberia,LBR,2019,0.40118027
Liberia,LBR,2021,0.19255127
Libya,LBY,2010,2.618611
Libya,LBY,2011,1.4543962
Libya,LBY,2012,3.4072247
Libya,LBY,2013,3.8427942
Libya,LBY,2014,2.7879057
Libya,LBY,2015,3.391341
Libya,LBY,2016,3.5019567
Libya,LBY,2017,4.8602543
Libya,LBY,2018,4.1680875
Libya,LBY,2019,5.480215
Libya,LBY,2020,8.265772
Libya,LBY,2021,9.947619
Liechtenstein,LIE,2011,27.614393
Liechtenstein,LIE,2012,27.377758
Liechtenstein,LIE,2014,80.81896
Liechtenstein,LIE,2015,80.261116
Liechtenstein,LIE,2016,53.149082
Liechtenstein,LIE,2017,79.12227
Liechtenstein,LIE,2018,209.39668
Liechtenstein,LIE,2019,207.7922
Liechtenstein,LIE,2020,309.4139
Liechtenstein,LIE,2021,256.02948
Lithuania,LTU,2010,45.555603
Lithuania,LTU,2011,47.09981
Lithuania,LTU,2012,54.842102
Lithuania,LTU,2013,48.213604
Lithuania,LTU,2014,50.418575
Lithuania,LTU,2015,66.13212
Lithuania,LTU,2016,65.4469
Lithuania,LTU,2017,58.186535
Lithuania,LTU,2018,60.150314
Lithuania,LTU,2019,65.635155
Lithuania,LTU,2020,80.1342
Lithuania,LTU,2021,100.479
Luxembourg,LUX,2010,161.71178
Luxembourg,LUX,2011,192.97308
Luxembourg,LUX,2012,186.58264
Luxembourg,LUX,2013,254.11182
Luxembourg,LUX,2014,276.94107
Luxembourg,LUX,2015,275.7216
Luxembourg,LUX,2016,313.70264
Luxembourg,LUX,2017,340.4384
Luxembourg,LUX,2018,353.66495
Luxembourg,LUX,2019,385.4957
Luxembourg,LUX,2020,407.67703
Luxembourg,LUX,2021,430.1378
Madagascar,MDG,2010,0.0460171
Madagascar,MDG,2011,0.044746418
Madagascar,MDG,2012,0.21771085
Madagascar,MDG,2013,0.1695772
Madagascar,MDG,2014,0.20647523
Madagascar,MDG,2015,0.12071992
Madagascar,MDG,2016,0.15685079
Madagascar,MDG,2017,0.19106182
Madagascar,MDG,2018,0.18624371
Madagascar,MDG,2019,0.69007766
Madagascar,MDG,2020,0.3897229
Madagascar,MDG,2021,0.4495835
Malawi,MWI,2010,0.13588409
Malawi,MWI,2011,0.13204724
Malawi,MWI,2012,0.19253911
Malawi,MWI,2013,0.18721011
Malawi,MWI,2014,0.36412248
Malawi,MWI,2015,0.2951778
Malawi,MWI,2016,0.34471616
Malawi,MWI,2017,0.22369899
Malawi,MWI,2018,0.3266571
Malawi,MWI,2019,0.3710115
Malawi,MWI,2020,0.20642969
Malawi,MWI,2021,0.8044348
Malaysia,MYS,2010,47.566437
Malaysia,MYS,2011,59.141712
Malaysia,MYS,2012,61.462803
Malaysia,MYS,2013,64.875145
Malaysia,MYS,2014,77.46732
Malaysia,MYS,2015,76.66847
Malaysia,MYS,2016,70.13167
Malaysia,MYS,2017,77.02697
Malaysia,MYS,2018,80.80429
Malaysia,MYS,2019,81.14858
Malaysia,MYS,2020,82.86147
Malaysia,MYS,2021,104.21795
Maldives,MDV,2012,2.580299
Maldives,MDV,2014,4.799086
Maldives,MDV,2019,5.9462695
Maldives,MDV,2020,13.606738
Maldives,MDV,2021,1.9176595
Mali,MLI,2010,0.12878978
Mali,MLI,2011,0.12469035
Mali,MLI,2012,0.12110431
Mali,MLI,2013,0.05880956
Mali,MLI,2015,0.11041848
Mali,MLI,2016,0.053475626
Mali,MLI,2017,0.36248103
Mali,MLI,2018,0.30098867
Mali,MLI,2019,0.3889645
Mali,MLI,2020,0.37693104
Mali,MLI,2021,0.2739102
Malta,MLT,2010,40.59624
Malta,MLT,2011,51.93861
Malta,MLT,2012,83.73807
Malta,MLT,2013,123.41982
Malta,MLT,2014,94.0757
Malta,MLT,2015,127.030014
Malta,MLT,2016,179.59578
Malta,MLT,2017,162.66707
Malta,MLT,2018,179.01097
Malta,MLT,2019,160.82726
Malta,MLT,2020,194.03761
Malta,MLT,2021,193.63988
Marshall Islands,MHL,2017,21.184645
Mauritania,MRT,2012,0.27501827
Mauritania,MRT,2015,0.25340673
Mauritania,MRT,2016,0.49359608
Mauritania,MRT,2017,0.24038358
Mauritania,MRT,2018,0.23415272
Mauritania,MRT,2019,0.22810984
Mauritania,MRT,2020,0.22229113
Mauritania,MRT,2021,0.43337125
Mauritius,MUS,2010,1.558425
Mauritius,MUS,2011,3.109842
Mauritius,MUS,2012,4.6556635
Mauritius,MUS,2013,6.9729714
Mauritius,MUS,2014,7.7392673
Mauritius,MUS,2015,6.959701
Mauritius,MUS,2016,8.50137
Mauritius,MUS,2017,13.902373
Mauritius,MUS,2018,22.38715
Mauritius,MUS,2019,18.514462
Mauritius,MUS,2020,18.492407
Mauritius,MUS,2021,19.246729
Mexico,MEX,2010,13.960423
Mexico,MEX,2011,14.4808855
Mexico,MEX,2012,15.368546
Mexico,MEX,2013,18.313475
Mexico,MEX,2014,19.460087
Mexico,MEX,2015,20.424486
Mexico,MEX,2016,23.222664
Mexico,MEX,2017,23.901154
Mexico,MEX,2018,26.932472
Mexico,MEX,2019,30.451218
Mexico,MEX,2020,31.690905
Mexico,MEX,2021,34.74208
Micronesia (country),FSM,2015,18.268677
Micronesia (country),FSM,2021,8.838372
Moldova,MDA,2010,5.7093363
Moldova,MDA,2011,6.119381
Moldova,MDA,2012,5.7025595
Moldova,MDA,2013,3.5123336
Moldova,MDA,2014,6.5901055
Moldova,MDA,2015,8.848504
Moldova,MDA,2016,6.821441
Moldova,MDA,2017,5.659461
Moldova,MDA,2018,6.047414
Moldova,MDA,2019,8.039888
Moldova,MDA,2020,8.428292
Moldova,MDA,2021,6.20609
Monaco,MCO,2010,30.11776
Monaco,MCO,2012,28.799355
Monaco,MCO,2013,28.209541
Monaco,MCO,2016,26.961445
Monaco,MCO,2018,26.990553
Monaco,MCO,2019,161.90399
Monaco,MCO,2020,135.34364
Monaco,MCO,2021,54.476616
Mongolia,MNG,2010,3.7002406
Mongolia,MNG,2011,5.8310184
Mongolia,MNG,2012,3.223087
Mongolia,MNG,2013,9.138326
Mongolia,MNG,2014,10.334757
Mongolia,MNG,2015,7.7578053
Mongolia,MNG,2016,4.6211348
Mongolia,MNG,2017,8.720838
Mongolia,MNG,2018,9.481687
Mongolia,MNG,2019,9.590293
Mongolia,MNG,2020,10.927834
Mongolia,MNG,2021,14.935262
Montenegro,MNE,2010,15.846655
Montenegro,MNE,2011,23.741653
Montenegro,MNE,2012,18.95576
Montenegro,MNE,2013,33.125587
Montenegro,MNE,2014,47.296158
Montenegro,MNE,2015,69.40402
Montenegro,MNE,2016,85.27249
Montenegro,MNE,2017,74.314766
Montenegro,MNE,2018,63.345364
Montenegro,MNE,2019,95.177216
Montenegro,MNE,2020,108.09814
Montenegro,MNE,2021,136.97409
Morocco,MAR,2010,3.4190807
Morocco,MAR,2011,4.953849
Morocco,MAR,2012,6.1465273
Morocco,MAR,2013,6.034873
Morocco,MAR,2014,11.124539
Morocco,MAR,2015,12.687261
Morocco,MAR,2016,20.22373
Morocco,MAR,2017,21.363361
Morocco,MAR,2018,24.939102
Morocco,MAR,2019,25.506544
Morocco,MAR,2020,28.319294
Morocco,MAR,2021,27.942162
Mozambique,MOZ,2010,0.39005393
Mozambique,MOZ,2011,0.84173584
Mozambique,MOZ,2012,0.5717176
Mozambique,MOZ,2013,1.1088346
Mozambique,MOZ,2014,1.2673442
Mozambique,MOZ,2015,1.9371722
Mozambique,MOZ,2016,3.032874
Mozambique,MOZ,2017,2.7651918
Mozambique,MOZ,2018,3.6025157
Mozambique,MOZ,2019,3.2688801
Mozambique,MOZ,2020,4.9072685
Mozambique,MOZ,2021,4.582712
Myanmar,MMR,2010,0.40493217
Myanmar,MMR,2011,0.722971
Myanmar,MMR,2012,0.53765374
Myanmar,MMR,2013,0.37513572
Myanmar,MMR,2014,0.48950082
Myanmar,MMR,2015,0.8546352
Myanmar,MMR,2016,0.8286385
Myanmar,MMR,2017,1.5108529
Myanmar,MMR,2018,2.0316706
Myanmar,MMR,2019,3.0919936
Myanmar,MMR,2020,3.0323904
Myanmar,MMR,2021,1.6357459
Namibia,NAM,2010,0.47635493
Namibia,NAM,2011,1.8758708
Namibia,NAM,2012,1.3840996
Namibia,NAM,2013,1.3608423
Namibia,NAM,2014,3.1208093
Namibia,NAM,2015,3.942684
Namibia,NAM,2016,3.0128896
Namibia,NAM,2017,4.6520677
Namibia,NAM,2018,4.572508
Namibia,NAM,2019,4.495947
Namibia,NAM,2020,7.633284
Namibia,NAM,2021,5.1380353
Nepal,NPL,2010,0.920418
Nepal,NPL,2011,1.430332
Nepal,NPL,2012,1.3172003
Nepal,NPL,2013,1.7530047
Nepal,NPL,2014,2.3668976
Nepal,NPL,2015,2.3179731
Nepal,NPL,2016,2.9072704
Nepal,NPL,2017,2.4127657
Nepal,NPL,2018,3.051912
Nepal,NPL,2019,4.127287
Nepal,NPL,2020,5.2472644
Nepal,NPL,2021,6.692195
Netherlands,NLD,2010,141.54077
Netherlands,NLD,2011,137.89206
Netherlands,NLD,2012,143.33974
Netherlands,NLD,2013,153.07678
Netherlands,NLD,2014,166.21368
Netherlands,NLD,2015,160.2595
Netherlands,NLD,2016,176.3554
Netherlands,NLD,2017,176.08904
Netherlands,NLD,2018,197.9632
Netherlands,NLD,2019,239.75912
Netherlands,NLD,2020,256.67407
Netherlands,NLD,2021,271.11658
New Zealand,NZL,2010,103.30519
New Zealand,NZL,2011,115.263275
New Zealand,NZL,2012,123.34804
New Zealand,NZL,2013,136.60954
New Zealand,NZL,2014,129.59113
New Zealand,NZL,2015,134.18752
New Zealand,NZL,2016,148.88322
New Zealand,NZL,2017,165.81502
New Zealand,NZL,2018,156.86589
New Zealand,NZL,2019,188.54483
New Zealand,NZL,2020,204.3022
New Zealand,NZL,2021,196.50157
Nicaragua,NIC,2010,0.85386366
Nicaragua,NIC,2011,0.50483346
Nicaragua,NIC,2012,0.49746254
Nicaragua,NIC,2013,0.32683066
Nicaragua,NIC,2014,0.32212967
Nicaragua,NIC,2015,0.15876518
Nicaragua,NIC,2016,0.62605286
Nicaragua,NIC,2017,1.5430827
Nicaragua,NIC,2018,1.0650868
Nicaragua,NIC,2019,2.5510514
Nicaragua,NIC,2020,2.3683002
Nicaragua,NIC,2021,1.3137639
Niger,NER,2010,0.12013783
Niger,NER,2011,0.23143972
Niger,NER,2012,0.05569662
Niger,NER,2013,0.16083027
Niger,NER,2014,0.51620865
Niger,NER,2015,0.19872683
Niger,NER,2016,0.33458006
Niger,NER,2017,0.18401021
Niger,NER,2018,0.44292748
Niger,NER,2019,0.51187116
Niger,NER,2020,0.45204902
Niger,NER,2021,0.3563972
Nigeria,NGA,2010,0.37277994
Nigeria,NGA,2011,0.41700977
Nigeria,NGA,2012,0.4174606
Nigeria,NGA,2013,0.7039588
Nigeria,NGA,2014,0.75817114
Nigeria,NGA,2015,0.8967597
Nigeria,NGA,2016,0.9593626
Nigeria,NGA,2017,1.3333615
Nigeria,NGA,2018,1.2047123
Nigeria,NGA,2019,2.2331035
Nigeria,NGA,2020,3.028886
Nigeria,NGA,2021,3.0787063
North America,,2010,52.748085
North America,,2011,54.849407
North America,,2012,55.640347
North America,,2013,57.906696
North America,,2014,59.74323
North America,,2015,62.09109
North America,,2016,65.64835
North America,,2017,71.90609
North America,,2018,84.109924
North America,,2019,102.70162
North America,,2020,114.949066
North America,,2021,116.23728
North Korea,PRK,2010,0.08101615
North Korea,PRK,2011,0.12104686
North Korea,PRK,2012,0.4018038
North Korea,PRK,2013,0.11999124
North Korea,PRK,2014,0.55718863
North Korea,PRK,2015,0.4355054
North Korea,PRK,2016,0.39386183
North Korea,PRK,2017,0.27433425
North Korea,PRK,2018,0.6240699
North Korea,PRK,2019,0.5824012
North Korea,PRK,2020,0.657196
North Korea,PRK,2021,0.69305646
North Macedonia,MKD,2010,27.222866
North Macedonia,MKD,2011,33.37927
North Macedonia,MKD,2012,36.199337
North Macedonia,MKD,2013,29.968319
North Macedonia,MKD,2014,36.574482
North Macedonia,MKD,2015,49.33668
North Macedonia,MKD,2016,45.96734
North Macedonia,MKD,2017,56.818665
North Macedonia,MKD,2018,61.03628
North Macedonia,MKD,2019,48.71877
North Macedonia,MKD,2020,76.26435
North Macedonia,MKD,2021,68.4629
Norway,NOR,2010,112.889275
Norway,NOR,2011,106.79178
Norway,NOR,2012,128.70941
Norway,NOR,2013,142.89462
Norway,NOR,2014,150.25519
Norway,NOR,2015,151.04935
Norway,NOR,2016,160.79163
Norway,NOR,2017,179.06558
Norway,NOR,2018,201.04207
Norway,NOR,2019,257.27875
Norway,NOR,2020,292.57397
Norway,NOR,2021,349.8043
Oceania,,2010,108.481476
Oceania,,2011,113.48918
Oceania,,2012,119.42549
Oceania,,2013,131.21585
Oceania,,2014,141.38165
Oceania,,2015,148.52621
Oceania,,2016,158.94897
Oceania,,2017,167.39497
Oceania,,2018,189.06898
Oceania,,2019,218.56131
Oceania,,2020,242.20555
Oceania,,2021,253.68568
Oman,OMN,2010,13.185677
Oman,OMN,2011,13.408659
Oman,OMN,2012,16.40464
Oman,OMN,2013,16.506458
Oman,OMN,2014,15.214732
Oman,OMN,2015,19.323515
Oman,OMN,2016,19.326614
Oman,OMN,2017,20.035875
Oman,OMN,2018,18.908276
Oman,OMN,2019,25.854002
Oman,OMN,2020,34.115376
Oman,OMN,2021,43.13707
Pakistan,PAK,2010,2.7461438
Pakistan,PAK,2011,2.9405437
Pakistan,PAK,2012,3.2887278
Pakistan,PAK,2013,3.8473237
Pakistan,PAK,2014,3.9711573
Pakistan,PAK,2015,4.550425
Pakistan,PAK,2016,5.465406
Pakistan,PAK,2017,6.7335353
Pakistan,PAK,2018,8.692428
Pakistan,PAK,2019,10.640715
Pakistan,PAK,2020,11.760733
Pakistan,PAK,2021,14.619573
Palau,PLW,2011,54.76451
Palau,PLW,2012,222.54367
Palau,PLW,2013,56.088394
Palau,PLW,2014,112.22715
Palau,PLW,2016,112.10762
Palau,PLW,2019,111.48894
Palau,PLW,2020,333.35187
Palau,PLW,2021,110.80332
Panama,PAN,2010,4.4154716
Panama,PAN,2011,2.4398978
Panama,PAN,2012,5.060094
Panama,PAN,2013,6.0184894
Panama,PAN,2014,4.628683
Panama,PAN,2015,5.559624
Panama,PAN,2016,5.7123866
Panama,PAN,2017,6.347546
Panama,PAN,2018,9.363166
Panama,PAN,2019,7.087946
Panama,PAN,2020,3.2600665
Panama,PAN,2021,6.8945484
Papua New Guinea,PNG,2013,0.121276304
Papua New Guinea,PNG,2014,0.11814523
Papua New Guinea,PNG,2015,0.46071422
Papua New Guinea,PNG,2016,0.112369955
Papua New Guinea,PNG,2017,0.10971164
Papua New Guinea,PNG,2018,0.42875978
Papua New Guinea,PNG,2019,1.2575332
Papua New Guinea,PNG,2020,0.82054305
Papua New Guinea,PNG,2021,1.608131
Paraguay,PRY,2010,0.52005523
Paraguay,PRY,2011,0.68446994
Paraguay,PRY,2012,1.5194163
Paraguay,PRY,2013,0.6660388
Paraguay,PRY,2014,2.1343923
Paraguay,PRY,2015,2.5898542
Paraguay,PRY,2016,3.9893894
Paraguay,PRY,2017,1.8881563
Paraguay,PRY,2018,2.7935834
Paraguay,PRY,2019,3.9816055
Paraguay,PRY,2020,4.8347864
Paraguay,PRY,2021,5.9667635
Peru,PER,2010,0.78687423
Peru,PER,2011,1.1194896
Peru,PER,2012,1.1092589
Peru,PER,2013,1.364901
Peru,PER,2014,3.2944634
Peru,PER,2015,3.22351
Peru,PER,2016,3.6617358
Peru,PER,2017,4.7460113
Peru,PER,2018,6.4898877
Peru,PER,2019,8.225472
Peru,PER,2020,9.518157
Peru,PER,2021,9.817453
Philippines,PHL,2010,1.2046067
Philippines,PHL,2011,1.3701771
Philippines,PHL,2012,1.3260933
Philippines,PHL,2013,1.5847524
Philippines,PHL,2014,2.2995265
Philippines,PHL,2015,2.3099763
Philippines,PHL,2016,2.5744867
Philippines,PHL,2017,3.4476783
Philippines,PHL,2018,5.019857
Philippines,PHL,2019,5.99742
Philippines,PHL,2020,5.722385
Philippines,PHL,2021,5.0491595
Poland,POL,2010,38.42232
Poland,POL,2011,38.52841
Poland,POL,2012,39.740204
Poland,POL,2013,48.12555
Poland,POL,2014,54.79256
Poland,POL,2015,64.53429
Poland,POL,2016,66.360245
Poland,POL,2017,67.449005
Poland,POL,2018,73.050186
Poland,POL,2019,73.44078
Poland,POL,2020,74.476234
Poland,POL,2021,79.04411
Portugal,PRT,2010,98.12624
Portugal,PRT,2011,101.090225
Portugal,PRT,2012,119.93821
Portugal,PRT,2013,133.02069
Portugal,PRT,2014,141.80882
Portugal,PRT,2015,155.22743
Portugal,PRT,2016,144.49202
Portugal,PRT,2017,150.66658
Portugal,PRT,2018,156.36794
Portugal,PRT,2019,187.95091
Portugal,PRT,2020,183.04195
Portugal,PRT,2021,201.64995
Qatar,QAT,2010,51.356514
Qatar,QAT,2011,58.752617
Qatar,QAT,2012,93.40547
Qatar,QAT,2013,115.45024
Qatar,QAT,2014,134.56938
Qatar,QAT,2015,140.3971
Qatar,QAT,2016,138.33363
Qatar,QAT,2017,137.9176
Qatar,QAT,2018,165.89903
Qatar,QAT,2019,175.26099
Qatar,QAT,2020,206.49255
Qatar,QAT,2021,219.47453
Romania,ROU,2010,47.798862
Romania,ROU,2011,45.74614
Romania,ROU,2012,44.246662
Romania,ROU,2013,42.408886
Romania,ROU,2014,48.76015
Romania,ROU,2015,60.93616
Romania,ROU,2016,48.03559
Romania,ROU,2017,53.150307
Romania,ROU,2018,56.409065
Romania,ROU,2019,64.48404
Romania,ROU,2020,64.08792
Romania,ROU,2021,61.980827
Russia,RUS,2010,4.056056
Russia,RUS,2011,5.8312883
Russia,RUS,2012,5.959784
Russia,RUS,2013,8.085755
Russia,RUS,2014,11.809954
Russia,RUS,2015,15.829306
Russia,RUS,2016,18.523987
Russia,RUS,2017,23.361572
Russia,RUS,2018,28.38953
Russia,RUS,2019,36.296947
Russia,RUS,2020,41.313763
Russia,RUS,2021,38.000656
Rwanda,RWA,2010,0.09700232
Rwanda,RWA,2011,0.3781815
Rwanda,RWA,2012,0.18449621
Rwanda,RWA,2013,0.09007912
Rwanda,RWA,2014,0.79166466
Rwanda,RWA,2015,0.42944396
Rwanda,RWA,2016,0.5028958
Rwanda,RWA,2017,0.4088193
Rwanda,RWA,2018,0.63837546
Rwanda,RWA,2019,1.6361475
Rwanda,RWA,2020,2.6623325
Rwanda,RWA,2021,4.3827424
Saint Kitts and Nevis,KNA,2012,20.940655
Saint Kitts and Nevis,KNA,2013,20.923567
Saint Kitts and Nevis,KNA,2014,41.827003
Saint Kitts and Nevis,KNA,2015,83.65751
Saint Kitts and Nevis,KNA,2016,83.65751
Saint Kitts and Nevis,KNA,2017,125.49413
Saint Kitts and Nevis,KNA,2018,230.18813
Saint Kitts and Nevis,KNA,2019,502.7336
Saint Kitts and Nevis,KNA,2020,524.48285
Saint Kitts and Nevis,KNA,2021,923.7681
Saint Lucia,LCA,2019,5.5992923
Saint Vincent and the Grenadines,VCT,2017,9.472568
San Marino,SMR,2015,29.768106
San Marino,SMR,2017,58.683723
San Marino,SMR,2018,58.51546
San Marino,SMR,2020,29.37893
San Marino,SMR,2021,29.610329
Sao Tome and Principe,STP,2021,4.481933
Saudi Arabia,SAU,2010,10.437942
Saudi Arabia,SAU,2011,12.735916
Saudi Arabia,SAU,2012,16.481972
Saudi Arabia,SAU,2013,19.375843
Saudi Arabia,SAU,2014,23.90619
Saudi Arabia,SAU,2015,29.09938
Saudi Arabia,SAU,2016,30.284647
Saudi Arabia,SAU,2017,34.188164
Saudi Arabia,SAU,2018,39.60805
Saudi Arabia,SAU,2019,57.553772
Saudi Arabia,SAU,2020,79.78419
Saudi Arabia,SAU,2021,110.457756
Senegal,SEN,2010,0.79807645
Senegal,SEN,2011,0.9319753
Senegal,SEN,2012,1.0580539
Senegal,SEN,2013,0.44132018
Senegal,SEN,2014,0.8589642
Senegal,SEN,2015,1.3234708
Senegal,SEN,2016,1.0168557
Senegal,SEN,2017,1.4513986
Senegal,SEN,2018,2.8250566
Senegal,SEN,2019,2.4373808
Senegal,SEN,2020,2.9203973
Senegal,SEN,2021,2.2516215
Serbia,SRB,2010,24.040506
Serbia,SRB,2011,31.361023
Serbia,SRB,2012,40.309
Serbia,SRB,2013,39.51538
Serbia,SRB,2014,42.1529
Serbia,SRB,2015,47.609543
Serbia,SRB,2016,46.575016
Serbia,SRB,2017,51.842747
Serbia,SRB,2018,50.445095
Serbia,SRB,2019,56.748657
Serbia,SRB,2020,54.90615
Serbia,SRB,2021,64.000916
Seychelles,SYC,2015,20.149103
Seychelles,SYC,2021,9.390905
Sierra Leone,SLE,2014,0.14004229
Sierra Leone,SLE,2015,0.27341905
Sierra Leone,SLE,2016,0.2668831
Sierra Leone,SLE,2017,0.13024954
Sierra Leone,SLE,2018,0.3816169
Sierra Leone,SLE,2019,0.8699078
Sierra Leone,SLE,2020,0.8501364
Sierra Leone,SLE,2021,0.59377897
Singapore,SGP,2010,300.3727
Singapore,SGP,2011,291.59207
Singapore,SGP,2012,306.07675
Singapore,SGP,2013,322.92435
Singapore,SGP,2014,343.95447
Singapore,SGP,2015,368.49426
Singapore,SGP,2016,396.36298
Singapore,SGP,2017,397.43332
Singapore,SGP,2018,446.29474
Singapore,SGP,2019,524.68225
Singapore,SGP,2020,597.3055
Singapore,SGP,2021,667.22064
Slovakia,SVK,2010,36.690937
Slovakia,SVK,2011,36.648438
Slovakia,SVK,2012,47.695786
Slovakia,SVK,2013,60.390667
Slovakia,SVK,2014,73.806564
Slovakia,SVK,2015,72.081055
Slovakia,SVK,2016,80.46097
Slovakia,SVK,2017,64.89665
Slovakia,SVK,2018,76.37588
Slovakia,SVK,2019,94.427284
Slovakia,SVK,2020,93.46341
Slovakia,SVK,2021,89.763954
Slovenia,SVN,2010,146.79477
Slovenia,SVN,2011,158.31848
Slovenia,SVN,2012,148.83792
Slovenia,SVN,2013,159.7202
Slovenia,SVN,2014,156.63232
Slovenia,SVN,2015,184.53864
Slovenia,SVN,2016,169.85483
Slovenia,SVN,2017,183.95003
Slovenia,SVN,2018,175.69426
Slovenia,SVN,2019,192.15251
Slovenia,SVN,2020,212.97212
Slovenia,SVN,2021,220.81638
Solomon Islands,SLB,2013,1.7171243
Solomon Islands,SLB,2014,1.6739595
Solomon Islands,SLB,2020,1.4467634
Somalia,SOM,2014,0.07513579
Somalia,SOM,2016,0.069965065
Somalia,SOM,2017,0.06727563
Somalia,SOM,2018,0.32444146
Somalia,SOM,2019,0.31286544
Somalia,SOM,2020,0.30235198
Somalia,SOM,2021,0.41018218
South Africa,ZAF,2010,6.5849276
South Africa,ZAF,2011,7.341259
South Africa,ZAF,2012,9.050704
South Africa,ZAF,2013,9.021114
South Africa,ZAF,2014,9.501265
South Africa,ZAF,2015,9.771549
South Africa,ZAF,2016,10.527758
South Africa,ZAF,2017,10.68127
South Africa,ZAF,2018,11.946362
South Africa,ZAF,2019,14.306112
South Africa,ZAF,2020,17.363377
South Africa,ZAF,2021,17.106607
South Korea,KOR,2010,66.23231
South Korea,KOR,2011,73.39859
South Korea,KOR,2012,79.5218
South Korea,KOR,2013,87.82746
South Korea,KOR,2014,88.37367
South Korea,KOR,2015,92.42192
South Korea,KOR,2016,88.05304
South Korea,KOR,2017,92.23158
South Korea,KOR,2018,110.88126
South Korea,KOR,2019,135.33748
South Korea,KOR,2020,167.09523
South Korea,KOR,2021,193.26595
South Sudan,SSD,2010,0.30881912
South Sudan,SSD,2011,0.3905084
South Sudan,SSD,2012,0.37377572
South Sudan,SSD,2013,0.5402467
South Sudan,SSD,2014,0.26753977
South Sudan,SSD,2015,0.8039806
South Sudan,SSD,2016,0.4518297
South Sudan,SSD,2017,0.56294525
South Sudan,SSD,2018,0.5771821
South Sudan,SSD,2019,1.2442957
South Sudan,SSD,2020,0.4714213
South Sudan,SSD,2021,0.55822897
Spain,ESP,2010,92.07095
Spain,ESP,2011,98.35385
Spain,ESP,2012,94.46899
Spain,ESP,2013,100.464645
Spain,ESP,2014,99.79652
Spain,ESP,2015,108.61198
Spain,ESP,2016,102.811676
Spain,ESP,2017,112.742165
Spain,ESP,2018,117.2849
Spain,ESP,2019,131.20772
Spain,ESP,2020,137.76341
Spain,ESP,2021,142.1865
Sri Lanka,LKA,2010,2.5642817
Sri Lanka,LKA,2011,3.9310162
Sri Lanka,LKA,2012,3.6636746
Sri Lanka,LKA,2013,6.4358096
Sri Lanka,LKA,2014,5.9794397
Sri Lanka,LKA,2015,6.186526
Sri Lanka,LKA,2016,7.8877993
Sri Lanka,LKA,2017,9.159886
Sri Lanka,LKA,2018,12.835536
Sri Lanka,LKA,2019,14.180359
Sri Lanka,LKA,2020,20.124268
Sri Lanka,LKA,2021,17.314674
Sudan,SDN,2010,0.35566166
Sudan,SDN,2011,0.8715957
Sudan,SDN,2012,0.6541563
Sudan,SDN,2013,1.4726024
Sudan,SDN,2014,0.8377643
Sudan,SDN,2015,1.3884823
Sudan,SDN,2016,1.4221439
Sudan,SDN,2017,1.622426
Sudan,SDN,2018,2.190525
Sudan,SDN,2019,1.4341198
Sudan,SDN,2020,1.1251003
Sudan,SDN,2021,2.387356
Suriname,SUR,2013,1.7732005
Suriname,SUR,2014,1.7553499
Sweden,SWE,2010,110.74726
Sweden,SWE,2011,114.39274
Sweden,SWE,2012,128.19193
Sweden,SWE,2013,140.63728
Sweden,SWE,2014,154.9114
Sweden,SWE,2015,149.24852
Sweden,SWE,2016,164.97005
Sweden,SWE,2017,165.83499
Sweden,SWE,2018,185.2927
Sweden,SWE,2019,225.45944
Sweden,SWE,2020,257.78842
Sweden,SWE,2021,259.0977
Switzerland,CHE,2010,215.53366
Switzerland,CHE,2011,298.8249
Switzerland,CHE,2012,249.50792
Switzerland,CHE,2013,260.992
Switzerland,CHE,2014,277.36417
Switzerland,CHE,2015,271.80295
Switzerland,CHE,2016,289.74423
Switzerland,CHE,2017,317.21475
Switzerland,CHE,2018,375.48016
Switzerland,CHE,2019,414.08215
Switzerland,CHE,2020,485.72635
Switzerland,CHE,2021,512.9203
Syria,SYR,2010,0.85058534
Syria,SYR,2011,0.7918794
Syria,SYR,2012,0.5750792
Syria,SYR,2013,1.0234543
Syria,SYR,2014,0.99640137
Syria,SYR,2015,0.31241575
Syria,SYR,2016,1.0546159
Syria,SYR,2017,1.0008761
Syria,SYR,2018,1.0344758
Syria,SYR,2019,1.7912005
Syria,SYR,2020,2.6477184
Syria,SYR,2021,2.7198932
Taiwan,TWN,2010,127.27934
Taiwan,TWN,2011,130.19012
Taiwan,TWN,2012,124.38633
Taiwan,TWN,2013,131.45976
Taiwan,TWN,2014,120.78128
Taiwan,TWN,2015,116.36544
Taiwan,TWN,2016,110.11052
Taiwan,TWN,2017,112.782455
Taiwan,TWN,2018,132.30107
Taiwan,TWN,2019,165.65913
Taiwan,TWN,2020,182.48245
Taiwan,TWN,2021,193.71411
Tajikistan,TJK,2012,0.12568524
Tajikistan,TJK,2013,0.24580255
Tajikistan,TJK,2014,0.24020118
Tajikistan,TJK,2016,0.8022623
Tajikistan,TJK,2017,0.56019086
Tajikistan,TJK,2018,1.205066
Tajikistan,TJK,2019,1.8207117
Tajikistan,TJK,2020,1.8861576
Tajikistan,TJK,2021,2.0512657
Tanzania,TZA,2010,0.2438455
Tanzania,TZA,2011,0.25853136
Tanzania,TZA,2012,0.31389856
Tanzania,TZA,2013,0.22333372
Tanzania,TZA,2014,0.25583223
Tanzania,TZA,2015,0.3235456
Tanzania,TZA,2016,0.3860166
Tanzania,TZA,2017,0.39099267
Tanzania,TZA,2018,0.44757792
Tanzania,TZA,2019,0.6680854
Tanzania,TZA,2020,0.8589322
Tanzania,TZA,2021,0.75485545
Thailand,THA,2010,7.13339
Thailand,THA,2011,6.738187
Thailand,THA,2012,8.2276535
Thailand,THA,2013,8.709575
Thailand,THA,2014,10.505861
Thailand,THA,2015,10.683638
Thailand,THA,2016,11.174524
Thailand,THA,2017,12.962246
Thailand,THA,2018,14.073258
Thailand,THA,2019,15.6083975
Thailand,THA,2020,14.4105
Thailand,THA,2021,16.745552
Togo,TGO,2010,0.15216388
Togo,TGO,2011,0.29635447
Togo,TGO,2013,0.56288576
Togo,TGO,2014,0.6860234
Togo,TGO,2015,0.8028655
Togo,TGO,2016,0.7831507
Togo,TGO,2017,0.38202938
Togo,TGO,2018,0.6213743
Togo,TGO,2019,0.72788215
Togo,TGO,2020,0.710683
Togo,TGO,2021,0.8097326
Trinidad and Tobago,TTO,2010,3.5453525
Trinidad and Tobago,TTO,2011,1.4084299
Trinidad and Tobago,TTO,2012,5.592923
Trinidad and Tobago,TTO,2013,2.0822763
Trinidad and Tobago,TTO,2014,5.51472
Trinidad and Tobago,TTO,2015,4.7939296
Trinidad and Tobago,TTO,2016,4.0834827
Trinidad and Tobago,TTO,2017,6.763081
Trinidad and Tobago,TTO,2018,6.645812
Trinidad and Tobago,TTO,2019,5.9212084
Trinidad and Tobago,TTO,2020,6.586999
Trinidad and Tobago,TTO,2021,12.453537
Tunisia,TUN,2010,27.076485
Tunisia,TUN,2011,31.452444
Tunisia,TUN,2012,37.764946
Tunisia,TUN,2013,52.034092
Tunisia,TUN,2014,64.310356
Tunisia,TUN,2015,63.50701
Tunisia,TUN,2016,82.49423
Tunisia,TUN,2017,80.68448
Tunisia,TUN,2018,69.13578
Tunisia,TUN,2019,65.646866
Tunisia,TUN,2020,79.26511
Tunisia,TUN,2021,71.67933
Turkey,TUR,2010,16.777021
Turkey,TUR,2011,18.429674
Turkey,TUR,2012,19.873152
Turkey,TUR,2013,22.213192
Turkey,TUR,2014,22.979805
Turkey,TUR,2015,26.140615
Turkey,TUR,2016,27.388502
Turkey,TUR,2017,30.63717
Turkey,TUR,2018,32.484272
Turkey,TUR,2019,35.72041
Turkey,TUR,2020,38.972878
Turkey,TUR,2021,44.8833
Turkmenistan,TKM,2018,0.1648785
Turkmenistan,TKM,2021,0.1576827
Tuvalu,TUV,2010,756.859
Tuvalu,TUV,2011,653.046
Tuvalu,TUV,2012,367.7823
Tuvalu,TUV,2013,822.51874
Tuvalu,TUV,2014,824.0249
Tuvalu,TUV,2015,1376.652
Tuvalu,TUV,2016,1011.40125
Tuvalu,TUV,2017,552.99536
Tuvalu,TUV,2018,918.86426
Tuvalu,TUV,2019,2549.3945
Tuvalu,TUV,2020,2885.4824
Tuvalu,TUV,2021,2493.5435
Uganda,UGA,2010,0.49471697
Uganda,UGA,2011,0.51057583
Uganda,UGA,2012,0.52519023
Uganda,UGA,2013,0.4252476
Uganda,UGA,2014,0.6054511
Uganda,UGA,2015,0.32019335
Uganda,UGA,2016,0.6193819
Uganda,UGA,2017,0.6977829
Uganda,UGA,2018,0.79488575
Uganda,UGA,2019,0.69850165
Uganda,UGA,2020,1.2386101
Uganda,UGA,2021,1.3085072
Ukraine,UKR,2010,2.3860066
Ukraine,UKR,2011,2.6364276
Ukraine,UKR,2012,3.2814882
Ukraine,UKR,2013,4.789536
Ukraine,UKR,2014,5.271543
Ukraine,UKR,2015,8.625564
Ukraine,UKR,2016,10.884702
Ukraine,UKR,2017,13.054988
Ukraine,UKR,2018,17.00904
Ukraine,UKR,2019,23.252079
Ukraine,UKR,2020,27.283287
Ukraine,UKR,2021,21.294962
United Arab Emirates,ARE,2010,21.457773
United Arab Emirates,ARE,2011,26.35504
United Arab Emirates,ARE,2012,23.31224
United Arab Emirates,ARE,2013,30.622087
United Arab Emirates,ARE,2014,35.42344
United Arab Emirates,ARE,2015,47.55011
United Arab Emirates,ARE,2016,62.484253
United Arab Emirates,ARE,2017,77.081726
United Arab Emirates,ARE,2018,99.998116
United Arab Emirates,ARE,2019,133.20074
United Arab Emirates,ARE,2020,165.06436
United Arab Emirates,ARE,2021,192.73586
United Kingdom,GBR,2010,113.75071
United Kingdom,GBR,2011,111.69863
United Kingdom,GBR,2012,119.121635
United Kingdom,GBR,2013,127.771484
United Kingdom,GBR,2014,135.82715
United Kingdom,GBR,2015,138.62917
United Kingdom,GBR,2016,153.14856
United Kingdom,GBR,2017,162.70387
United Kingdom,GBR,2018,187.3316
United Kingdom,GBR,2019,231.67581
United Kingdom,GBR,2020,251.86598
United Kingdom,GBR,2021,269.71936
United States,USA,2010,80.4768
United States,USA,2011,84.49499
United States,USA,2012,85.85468
United States,USA,2013,89.59056
United States,USA,2014,92.11451
United States,USA,2015,96.75677
United States,USA,2016,102.811584
United States,USA,2017,113.4263
United States,USA,2018,133.65749
United States,USA,2019,162.80525
United States,USA,2020,181.93913
United States,USA,2021,183.45233
Uruguay,URY,2010,9.842951
Uruguay,URY,2011,6.246968
Uruguay,URY,2012,12.16208
Uruguay,URY,2013,11.238657
Uruguay,URY,2014,13.56268
Uruguay,URY,2015,17.044687
Uruguay,URY,2016,16.404161
Uruguay,URY,2017,14.902673
Uruguay,URY,2018,17.216003
Uruguay,URY,2019,20.709297
Uruguay,URY,2020,25.662807
Uruguay,URY,2021,26.26767
Uzbekistan,UZB,2010,0.31452876
Uzbekistan,UZB,2011,0.20648745
Uzbekistan,UZB,2012,0.13557917
Uzbekistan,UZB,2013,0.10012275
Uzbekistan,UZB,2014,0.098533355
Uzbekistan,UZB,2015,0.2584863
Uzbekistan,UZB,2016,0.63585776
Uzbekistan,UZB,2017,0.688669
Uzbekistan,UZB,2018,0.3698045
Uzbekistan,UZB,2019,2.5775583
Uzbekistan,UZB,2020,4.623186
Uzbekistan,UZB,2021,5.897636
Vanuatu,VUT,2021,3.133362
Venezuela,VEN,2010,2.8208227
Venezuela,VEN,2011,2.2683408
Venezuela,VEN,2012,2.8503149
Venezuela,VEN,2013,2.5135715
Venezuela,VEN,2014,2.715838
Venezuela,VEN,2015,3.4065166
Venezuela,VEN,2016,3.8709934
Venezuela,VEN,2017,4.580638
Venezuela,VEN,2018,3.7216287
Venezuela,VEN,2019,4.5561724
Venezuela,VEN,2020,4.00134
Venezuela,VEN,2021,4.1134953
Vietnam,VNM,2010,3.4091814
Vietnam,VNM,2011,4.2445254
Vietnam,VNM,2012,4.356038
Vietnam,VNM,2013,4.663903
Vietnam,VNM,2014,4.877487
Vietnam,VNM,2015,6.3563414
Vietnam,VNM,2016,7.0227036
Vietnam,VNM,2017,7.0507126
Vietnam,VNM,2018,8.997588
Vietnam,VNM,2019,14.011757
Vietnam,VNM,2020,17.786068
Vietnam,VNM,2021,20.191236
World,OWID_WRL,2010,26.447681
World,OWID_WRL,2011,27.096367
World,OWID_WRL,2012,27.446844
World,OWID_WRL,2013,28.521942
World,OWID_WRL,2014,30.082788
World,OWID_WRL,2015,31.331442
World,OWID_WRL,2016,32.97476
World,OWID_WRL,2017,36.2644
World,OWID_WRL,2018,42.151073
World,OWID_WRL,2019,52.18835
World,OWID_WRL,2020,58.350433
World,OWID_WRL,2021,61.19104
Yemen,YEM,2010,0.40413928
Yemen,YEM,2011,0.62805176
Yemen,YEM,2012,0.9533474
Yemen,YEM,2013,1.4453005
Yemen,YEM,2014,1.6214283
Yemen,YEM,2015,1.19229
Yemen,YEM,2016,1.0931199
Yemen,YEM,2017,1.3651019
Yemen,YEM,2018,1.5913992
Yemen,YEM,2019,3.4551957
Yemen,YEM,2020,4.026757
Yemen,YEM,2021,6.367178
Zambia,ZMB,2011,0.2102928
Zambia,ZMB,2012,0.1356423
Zambia,ZMB,2013,0.13127688
Zambia,ZMB,2014,0.3177065
Zambia,ZMB,2015,0.36927098
Zambia,ZMB,2017,0.52028966
Zambia,ZMB,2018,0.3364002
Zambia,ZMB,2019,1.1425165
Zambia,ZMB,2020,0.79248863
Zambia,ZMB,2021,1.1297618
Zimbabwe,ZWE,2010,2.8816707
Zimbabwe,ZWE,2011,1.3818741
Zimbabwe,ZWE,2012,1.8092273
Zimbabwe,ZWE,2013,5.6066136
Zimbabwe,ZWE,2014,2.5981977
Zimbabwe,ZWE,2015,3.391043
Zimbabwe,ZWE,2016,2.8368392
Zimbabwe,ZWE,2017,3.6607437
Zimbabwe,ZWE,2018,4.3183084
Zimbabwe,ZWE,2019,3.51686
Zimbabwe,ZWE,2020,5.041589
Zimbabwe,ZWE,2021,4.8144484